{
  "artifacts": [],
  "command": "main",
  "experiment": {
    "base_dir": "C:\\Users\\WLSeow\\Desktop\\NTU_PhD_course\\Special Topic Image Segmentation\\PANet_training_org\\data\\PANet-master",
    "dependencies": [
      "numpy==1.21.5",
      "sacred==0.8.4"
    ],
    "mainfile": "config.py",
    "name": "PANet",
    "repositories": [],
    "sources": [
      [
        "config.py",
        "_sources\\config_81a506cf1d3f9b0056bbe10b7d3efb8e.py"
      ],
      [
        "dataloaders\\__init__.py",
        "_sources\\__init___d41d8cd98f00b204e9800998ecf8427e.py"
      ],
      [
        "dataloaders\\coco.py",
        "_sources\\coco_25b286f45352604530081edcd8fcb1c8.py"
      ],
      [
        "dataloaders\\common.py",
        "_sources\\common_77a6e4017a3138001885fce8f68644cc.py"
      ],
      [
        "dataloaders\\customized.py",
        "_sources\\customized_7e4142f0c3a0a4a1b96805e636309882.py"
      ],
      [
        "dataloaders\\pascal.py",
        "_sources\\pascal_e7052ef259888e1bae1f98bbb9d450d1.py"
      ],
      [
        "dataloaders\\transforms.py",
        "_sources\\transforms_81b8799491902e4ce29301510dbd60f3.py"
      ],
      [
        "models\\__init__.py",
        "_sources\\__init___d41d8cd98f00b204e9800998ecf8427e.py"
      ],
      [
        "models\\fewshot.py",
        "_sources\\fewshot_48031c3bbcb483ee2e79198ff8e9c0ac.py"
      ],
      [
        "models\\fewshot_ResNet101.py",
        "_sources\\fewshot_ResNet101_8e1f0e29f8a8f2295c3c1f3de4ae314a.py"
      ],
      [
        "models\\fewshot_ResNet50.py",
        "_sources\\fewshot_ResNet50_589fcc67618785235684e49bcfab398b.py"
      ],
      [
        "models\\resnet.py",
        "_sources\\resnet_100a6291ec2b6852eec3e9c10e923014.py"
      ],
      [
        "models\\vgg.py",
        "_sources\\vgg_1296717248b97d3d3b97b9ebf75d1cf3.py"
      ],
      [
        "models\\vgg_19.py",
        "_sources\\vgg_19_7ad42286fec2d20d24d4bef9f0af12b8.py"
      ],
      [
        "test.py",
        "_sources\\test_329e0f245e183b5f243ed80cec9a84f1.py"
      ],
      [
        "train.py",
        "_sources\\train_7db6b75c954016118597b8fa3573a4f4.py"
      ],
      [
        "util\\__init__.py",
        "_sources\\__init___d41d8cd98f00b204e9800998ecf8427e.py"
      ],
      [
        "util\\metric.py",
        "_sources\\metric_a47f9a386e5fb7cabefd301ba35d68ef.py"
      ],
      [
        "util\\sbd_instance_process.py",
        "_sources\\sbd_instance_process_daec41ae872d4e5b4921368f297f5163.py"
      ],
      [
        "util\\scribbles.py",
        "_sources\\scribbles_b5484f6714f71d351fb50c4b8620dc90.py"
      ],
      [
        "util\\utils.py",
        "_sources\\utils_0fcdf77fd758323af732302311605fb6.py"
      ],
      [
        "util\\voc_classwise_filenames.py",
        "_sources\\voc_classwise_filenames_58a77b11adf384dc5e8b05200dcde025.py"
      ]
    ]
  },
  "heartbeat": "2023-11-18T10:35:54.574825",
  "host": {
    "ENV": {},
    "cpu": "Unknown",
    "gpus": {
      "driver_version": "526.98",
      "gpus": [
        {
          "model": "NVIDIA GeForce RTX 3070 Laptop GPU",
          "persistence_mode": false,
          "total_memory": 8192
        }
      ]
    },
    "hostname": "LAPTOP-H5AG7KLN",
    "os": [
      "Windows",
      "Windows-10-10.0.25951-SP0"
    ],
    "python_version": "3.9.12"
  },
  "meta": {
    "command": "main",
    "config_updates": {},
    "named_configs": [],
    "options": {
      "--beat-interval": null,
      "--capture": null,
      "--comment": null,
      "--debug": false,
      "--enforce_clean": false,
      "--file_storage": null,
      "--force": false,
      "--help": false,
      "--id": null,
      "--loglevel": null,
      "--mongo_db": null,
      "--name": null,
      "--pdb": false,
      "--print-config": false,
      "--priority": null,
      "--queue": false,
      "--s3": null,
      "--sql": null,
      "--tiny_db": null,
      "--unobserved": false,
      "COMMAND": null,
      "UPDATE": [],
      "help": false,
      "with": false
    }
  },
  "resources": [],
  "result": null,
  "start_time": "2023-11-18T10:15:15.889335",
  "status": "COMPLETED",
  "stop_time": "2023-11-18T10:35:54.574825"
}